{"cameraMode":{"drawMode":0,"name":"Shaded","section":"Shading Mode"},"sceneLighting":true,"audioPlay":false,"sceneViewState":{"showFog":true,"showMaterialUpdate":false,"showSkybox":true,"showFlares":true,"showImageEffects":true,"showParticleSystems":true},"in2DMode":false,"pivot":{"x":31.617172241210939,"y":-38.77330780029297,"z":103.9455337524414},"rotation":{"x":-0.018211625516414644,"y":-0.4999888241291046,"z":0.01115043368190527,"w":-0.8658499121665955},"size":81.24183654785156,"orthographic":false}