{"cameraMode":{"drawMode":0,"name":"Shaded","section":"Shading Mode"},"sceneLighting":true,"audioPlay":false,"sceneViewState":{"showFog":true,"showMaterialUpdate":false,"showSkybox":true,"showFlares":true,"showImageEffects":true,"showParticleSystems":true},"in2DMode":false,"pivot":{"x":552.7513427734375,"y":223.98500061035157,"z":-141.9808349609375},"rotation":{"x":-0.27906545996665957,"y":0.4701707661151886,"z":-0.15963320434093476,"w":-0.8219377994537354},"size":365.52825927734377,"orthographic":false}